matusalen@gmail.com,asd.456
matusalen@gmail.com,asd.456
matusalen@gmail.com,asd.456
matusalen@gmail.com,asd.456
matusalen@gmail.com,asd.456
matusalen@gmail.com,asd.456
matusalen@gmail.com,asd.456
matusalen@gmail.com,asd.456
nuevoCorreo@gmail.com,asd.456
nuevoCorreo@gmail.com,asd.456
pollo,pollo
sadasd,asdasdasd
sadasd,asdasdasd
sadasd,asdasdasd
sadasd,asdasdasd
sadasd,asdasdasd
sadasd,asdasdasd
sadasd,asdasdasd
sadasd,asdasdasd
sadasd,asdasdasd
sadasd,asdasdasd
sadasd,asdasdasd
sadasd,asdasdasd
sadasd,asdasdasd
sadasd,asdasdasd
sadasd,asdasdasd
sadasd,asdasdasd
sadasd,asdasdasd
sadasd,asdasdasd
sadasd,asdasdasd
dfsdfsdf,efrwerwer
dfgdgfdfgdf,kljljkljlkkj
